Person ID,Gender,Age,Occupation,Sleep Duration,Quality of Sleep,Physical Activity Level,Stress Level,BMI Category,Blood Pressure,Heart Rate,Daily Steps,Sleep Disorder
1,Male,27,Software Engineer,6.1,6,42,6,Overweight,126/83,77,4200,NO
2,Male,28,Doctor,6.2,6,60,8,Normal,125/80,75,10000,NO
3,Male,28,Doctor,6.2,6,60,8,Normal,125/80,75,10000,NO
4,Male,28,Sales Representative,5.9,4,30,8,Obese,140/90,85,3000,Sleep Apnea
5,Male,28,Sales Representative,5.9,4,30,8,Obese,140/90,85,3000,Sleep Apnea
6,Male,28,Software Engineer,5.9,4,30,8,Obese,140/90,85,3000,Insomnia
7,Male,29,Teacher,6.3,6,40,7,Obese,140/90,82,3500,Insomnia
8,Male,29,Doctor,7.8,7,75,6,Normal,120/80,70,8000,NO
9,Male,29,Doctor,7.8,7,75,6,Normal,120/80,70,8000,NO
10,Male,29,Doctor,7.8,7,75,6,Normal,120/80,70,8000,NO
11,Male,29,Doctor,6.1,6,30,8,Normal,120/80,70,8000,NO
12,Male,29,Doctor,7.8,7,75,6,Normal,120/80,70,8000,NO
13,Male,29,Doctor,6.1,6,30,8,Normal,120/80,70,8000,NO
14,Male,29,Doctor,6.0,6,30,8,Normal,120/80,70,8000,NO
15,Male,29,Doctor,6.0,6,30,8,Normal,120/80,70,8000,NO
16,Male,29,Doctor,6.0,6,30,8,Normal,120/80,70,8000,NO
17,Female,29,Nurse,6.5,5,40,7,Normal Weight,132/87,80,4000,Sleep Apnea
18,Male,29,Doctor,6.0,6,30,8,Normal,120/80,70,8000,Sleep Apnea
19,Female,29,Nurse,6.5,5,40,7,Normal Weight,132/87,80,4000,Insomnia
20,Male,30,Doctor,7.6,7,75,6,Normal,120/80,70,8000,NO
21,Male,30,Doctor,7.7,7,75,6,Normal,120/80,70,8000,NO
22,Male,30,Doctor,7.7,7,75,6,Normal,120/80,70,8000,NO
23,Male,30,Doctor,7.7,7,75,6,Normal,120/80,70,8000,NO
24,Male,30,Doctor,7.7,7,75,6,Normal,120/80,70,8000,NO
25,Male,30,Doctor,7.8,7,75,6,Normal,120/80,70,8000,NO
26,Male,30,Doctor,7.9,7,75,6,Normal,120/80,70,8000,NO
27,Male,30,Doctor,7.8,7,75,6,Normal,120/80,70,8000,NO
28,Male,30,Doctor,7.9,7,75,6,Normal,120/80,70,8000,NO
29,Male,30,Doctor,7.9,7,75,6,Normal,120/80,70,8000,NO
30,Male,30,Doctor,7.9,7,75,6,Normal,120/80,70,8000,NO
31,Female,30,Nurse,6.4,5,35,7,Normal Weight,130/86,78,4100,Sleep Apnea
32,Female,30,Nurse,6.4,5,35,7,Normal Weight,130/86,78,4100,Insomnia
33,Female,31,Nurse,7.9,8,75,4,Normal Weight,117/76,69,6800,NO
34,Male,31,Doctor,6.1,6,30,8,Normal,125/80,72,5000,NO
35,Male,31,Doctor,7.7,7,75,6,Normal,120/80,70,8000,NO
36,Male,31,Doctor,6.1,6,30,8,Normal,125/80,72,5000,NO
37,Male,31,Doctor,6.1,6,30,8,Normal,125/80,72,5000,NO
38,Male,31,Doctor,7.6,7,75,6,Normal,120/80,70,8000,NO
39,Male,31,Doctor,7.6,7,75,6,Normal,120/80,70,8000,NO
40,Male,31,Doctor,7.6,7,75,6,Normal,120/80,70,8000,NO
41,Male,31,Doctor,7.7,7,75,6,Normal,120/80,70,8000,NO
42,Male,31,Doctor,7.7,7,75,6,Normal,120/80,70,8000,NO
43,Male,31,Doctor,7.7,7,75,6,Normal,120/80,70,8000,NO
44,Male,31,Doctor,7.8,7,75,6,Normal,120/80,70,8000,NO
45,Male,31,Doctor,7.7,7,75,6,Normal,120/80,70,8000,NO
46,Male,31,Doctor,7.8,7,75,6,Normal,120/80,70,8000,NO
47,Male,31,Doctor,7.7,7,75,6,Normal,120/80,70,8000,NO
48,Male,31,Doctor,7.8,7,75,6,Normal,120/80,70,8000,NO
49,Male,31,Doctor,7.7,7,75,6,Normal,120/80,70,8000,NO
50,Male,31,Doctor,7.7,7,75,6,Normal,120/80,70,8000,Sleep Apnea
51,Male,32,Engineer,7.5,8,45,3,Normal,120/80,70,8000,NO
52,Male,32,Engineer,7.5,8,45,3,Normal,120/80,70,8000,NO
53,Male,32,Doctor,6.0,6,30,8,Normal,125/80,72,5000,NO
54,Male,32,Doctor,7.6,7,75,6,Normal,120/80,70,8000,NO
55,Male,32,Doctor,6.0,6,30,8,Normal,125/80,72,5000,NO
56,Male,32,Doctor,6.0,6,30,8,Normal,125/80,72,5000,NO
57,Male,32,Doctor,7.7,7,75,6,Normal,120/80,70,8000,NO
58,Male,32,Doctor,6.0,6,30,8,Normal,125/80,72,5000,NO
59,Male,32,Doctor,6.0,6,30,8,Normal,125/80,72,5000,NO
60,Male,32,Doctor,7.7,7,75,6,Normal,120/80,70,8000,NO
61,Male,32,Doctor,6.0,6,30,8,Normal,125/80,72,5000,NO
62,Male,32,Doctor,6.0,6,30,8,Normal,125/80,72,5000,NO
63,Male,32,Doctor,6.2,6,30,8,Normal,125/80,72,5000,NO
64,Male,32,Doctor,6.2,6,30,8,Normal,125/80,72,5000,NO
65,Male,32,Doctor,6.2,6,30,8,Normal,125/80,72,5000,NO
66,Male,32,Doctor,6.2,6,30,8,Normal,125/80,72,5000,NO
67,Male,32,Accountant,7.2,8,50,6,Normal Weight,118/76,68,7000,NO
68,Male,33,Doctor,6.0,6,30,8,Normal,125/80,72,5000,Insomnia
69,Female,33,Scientist,6.2,6,50,6,Overweight,128/85,76,5500,NO
70,Female,33,Scientist,6.2,6,50,6,Overweight,128/85,76,5500,NO
71,Male,33,Doctor,6.1,6,30,8,Normal,125/80,72,5000,NO
72,Male,33,Doctor,6.1,6,30,8,Normal,125/80,72,5000,NO
73,Male,33,Doctor,6.1,6,30,8,Normal,125/80,72,5000,NO
74,Male,33,Doctor,6.1,6,30,8,Normal,125/80,72,5000,NO
75,Male,33,Doctor,6.0,6,30,8,Normal,125/80,72,5000,NO
76,Male,33,Doctor,6.0,6,30,8,Normal,125/80,72,5000,NO
77,Male,33,Doctor,6.0,6,30,8,Normal,125/80,72,5000,NO
78,Male,33,Doctor,6.0,6,30,8,Normal,125/80,72,5000,NO
79,Male,33,Doctor,6.0,6,30,8,Normal,125/80,72,5000,NO
80,Male,33,Doctor,6.0,6,30,8,Normal,125/80,72,5000,NO
81,Female,34,Scientist,5.8,4,32,8,Overweight,131/86,81,5200,Sleep Apnea
82,Female,34,Scientist,5.8,4,32,8,Overweight,131/86,81,5200,Sleep Apnea
83,Male,35,Teacher,6.7,7,40,5,Overweight,128/84,70,5600,NO
84,Male,35,Teacher,6.7,7,40,5,Overweight,128/84,70,5600,NO
85,Male,35,Software Engineer,7.5,8,60,5,Normal Weight,120/80,70,8000,NO
86,Female,35,Accountant,7.2,8,60,4,Normal,115/75,68,7000,NO
87,Male,35,Engineer,7.2,8,60,4,Normal,125/80,65,5000,NO
88,Male,35,Engineer,7.2,8,60,4,Normal,125/80,65,5000,NO
89,Male,35,Engineer,7.3,8,60,4,Normal,125/80,65,5000,NO
90,Male,35,Engineer,7.3,8,60,4,Normal,125/80,65,5000,NO
91,Male,35,Engineer,7.3,8,60,4,Normal,125/80,65,5000,NO
92,Male,35,Engineer,7.3,8,60,4,Normal,125/80,65,5000,NO
93,Male,35,Software Engineer,7.5,8,60,5,Normal Weight,120/80,70,8000,NO
94,Male,35,Lawyer,7.4,7,60,5,Obese,135/88,84,3300,Sleep Apnea
95,Female,36,Accountant,7.2,8,60,4,Normal,115/75,68,7000,Insomnia
96,Female,36,Accountant,7.1,8,60,4,Normal,115/75,68,7000,NO
97,Female,36,Accountant,7.2,8,60,4,Normal,115/75,68,7000,NO
98,Female,36,Accountant,7.1,8,60,4,Normal,115/75,68,7000,NO
99,Female,36,Teacher,7.1,8,60,4,Normal,115/75,68,7000,NO
100,Female,36,Teacher,7.1,8,60,4,Normal,115/75,68,7000,NO
101,Female,36,Teacher,7.2,8,60,4,Normal,115/75,68,7000,NO
102,Female,36,Teacher,7.2,8,60,4,Normal,115/75,68,7000,NO
103,Female,36,Teacher,7.2,8,60,4,Normal,115/75,68,7000,NO
104,Male,36,Teacher,6.6,5,35,7,Overweight,129/84,74,4800,Sleep Apnea
105,Female,36,Teacher,7.2,8,60,4,Normal,115/75,68,7000,Sleep Apnea
106,Male,36,Teacher,6.6,5,35,7,Overweight,129/84,74,4800,Insomnia
107,Female,37,Nurse,6.1,6,42,6,Overweight,126/83,77,4200,NO
108,Male,37,Engineer,7.8,8,70,4,Normal Weight,120/80,68,7000,NO
109,Male,37,Engineer,7.8,8,70,4,Normal Weight,120/80,68,7000,NO
110,Male,37,Lawyer,7.4,8,60,5,Normal,130/85,68,8000,NO
111,Female,37,Accountant,7.2,8,60,4,Normal,115/75,68,7000,NO
112,Male,37,Lawyer,7.4,8,60,5,Normal,130/85,68,8000,NO
113,Female,37,Accountant,7.2,8,60,4,Normal,115/75,68,7000,NO
114,Male,37,Lawyer,7.4,8,60,5,Normal,130/85,68,8000,NO
115,Female,37,Accountant,7.2,8,60,4,Normal,115/75,68,7000,NO
116,Female,37,Accountant,7.2,8,60,4,Normal,115/75,68,7000,NO
117,Female,37,Accountant,7.2,8,60,4,Normal,115/75,68,7000,NO
118,Female,37,Accountant,7.2,8,60,4,Normal,115/75,68,7000,NO
119,Female,37,Accountant,7.2,8,60,4,Normal,115/75,68,7000,NO
120,Female,37,Accountant,7.2,8,60,4,Normal,115/75,68,7000,NO
121,Female,37,Accountant,7.2,8,60,4,Normal,115/75,68,7000,NO
122,Female,37,Accountant,7.2,8,60,4,Normal,115/75,68,7000,NO
123,Female,37,Accountant,7.2,8,60,4,Normal,115/75,68,7000,NO
124,Female,37,Accountant,7.2,8,60,4,Normal,115/75,68,7000,NO
125,Female,37,Accountant,7.2,8,60,4,Normal,115/75,68,7000,NO
126,Female,37,Nurse,7.5,8,60,4,Normal Weight,120/80,70,8000,NO
127,Male,38,Lawyer,7.3,8,60,5,Normal,130/85,68,8000,NO
128,Female,38,Accountant,7.1,8,60,4,Normal,115/75,68,7000,NO
129,Male,38,Lawyer,7.3,8,60,5,Normal,130/85,68,8000,NO
130,Male,38,Lawyer,7.3,8,60,5,Normal,130/85,68,8000,NO
131,Female,38,Accountant,7.1,8,60,4,Normal,115/75,68,7000,NO
132,Male,38,Lawyer,7.3,8,60,5,Normal,130/85,68,8000,NO
133,Male,38,Lawyer,7.3,8,60,5,Normal,130/85,68,8000,NO
134,Female,38,Accountant,7.1,8,60,4,Normal,115/75,68,7000,NO
135,Male,38,Lawyer,7.3,8,60,5,Normal,130/85,68,8000,NO
136,Male,38,Lawyer,7.3,8,60,5,Normal,130/85,68,8000,NO
137,Female,38,Accountant,7.1,8,60,4,Normal,115/75,68,7000,NO
138,Male,38,Lawyer,7.1,8,60,5,Normal,130/85,68,8000,NO
139,Female,38,Accountant,7.1,8,60,4,Normal,115/75,68,7000,NO
140,Male,38,Lawyer,7.1,8,60,5,Normal,130/85,68,8000,NO
141,Female,38,Accountant,7.1,8,60,4,Normal,115/75,68,7000,NO
142,Male,38,Lawyer,7.1,8,60,5,Normal,130/85,68,8000,NO
143,Female,38,Accountant,7.1,8,60,4,Normal,115/75,68,7000,NO
144,Female,38,Accountant,7.1,8,60,4,Normal,115/75,68,7000,NO
145,Male,38,Lawyer,7.1,8,60,5,Normal,130/85,68,8000,Sleep Apnea
146,Female,38,Lawyer,7.4,7,60,5,Obese,135/88,84,3300,Sleep Apnea
147,Male,39,Lawyer,7.2,8,60,5,Normal,130/85,68,8000,Insomnia
148,Male,39,Engineer,6.5,5,40,7,Overweight,132/87,80,4000,Insomnia
149,Female,39,Lawyer,6.9,7,50,6,Normal Weight,128/85,75,5500,NO
150,Female,39,Accountant,8.0,9,80,3,Normal Weight,115/78,67,7500,NO
151,Female,39,Accountant,8.0,9,80,3,Normal Weight,115/78,67,7500,NO
152,Male,39,Lawyer,7.2,8,60,5,Normal,130/85,68,8000,NO
153,Male,39,Lawyer,7.2,8,60,5,Normal,130/85,68,8000,NO
154,Male,39,Lawyer,7.2,8,60,5,Normal,130/85,68,8000,NO
155,Male,39,Lawyer,7.2,8,60,5,Normal,130/85,68,8000,NO
156,Male,39,Lawyer,7.2,8,60,5,Normal,130/85,68,8000,NO
157,Male,39,Lawyer,7.2,8,60,5,Normal,130/85,68,8000,NO
158,Male,39,Lawyer,7.2,8,60,5,Normal,130/85,68,8000,NO
159,Male,39,Lawyer,7.2,8,60,5,Normal,130/85,68,8000,NO
160,Male,39,Lawyer,7.2,8,60,5,Normal,130/85,68,8000,NO
161,Male,39,Lawyer,7.2,8,60,5,Normal,130/85,68,8000,NO
162,Female,40,Accountant,7.2,8,55,6,Normal Weight,119/77,73,7300,NO
163,Female,40,Accountant,7.2,8,55,6,Normal Weight,119/77,73,7300,NO
164,Male,40,Lawyer,7.9,8,90,5,Normal,130/85,68,8000,NO
165,Male,40,Lawyer,7.9,8,90,5,Normal,130/85,68,8000,NO
166,Male,41,Lawyer,7.6,8,90,5,Normal,130/85,70,8000,Insomnia
167,Male,41,Engineer,7.3,8,70,6,Normal Weight,121/79,72,6200,NO
168,Male,41,Lawyer,7.1,7,55,6,Overweight,125/82,72,6000,NO
169,Male,41,Lawyer,7.1,7,55,6,Overweight,125/82,72,6000,NO
170,Male,41,Lawyer,7.7,8,90,5,Normal,130/85,70,8000,NO
171,Male,41,Lawyer,7.7,8,90,5,Normal,130/85,70,8000,NO
172,Male,41,Lawyer,7.7,8,90,5,Normal,130/85,70,8000,NO
173,Male,41,Lawyer,7.7,8,90,5,Normal,130/85,70,8000,NO
174,Male,41,Lawyer,7.7,8,90,5,Normal,130/85,70,8000,NO
175,Male,41,Lawyer,7.6,8,90,5,Normal,130/85,70,8000,NO
176,Male,41,Lawyer,7.6,8,90,5,Normal,130/85,70,8000,NO
177,Male,41,Lawyer,7.6,8,90,5,Normal,130/85,70,8000,NO
178,Male,42,Salesperson,6.5,6,45,7,Overweight,130/85,72,6000,Insomnia
179,Male,42,Lawyer,7.8,8,90,5,Normal,130/85,70,8000,NO
180,Male,42,Lawyer,7.8,8,90,5,Normal,130/85,70,8000,NO
181,Male,42,Lawyer,7.8,8,90,5,Normal,130/85,70,8000,NO
182,Male,42,Lawyer,7.8,8,90,5,Normal,130/85,70,8000,NO
183,Male,42,Lawyer,7.8,8,90,5,Normal,130/85,70,8000,NO
184,Male,42,Lawyer,7.8,8,90,5,Normal,130/85,70,8000,NO
185,Female,42,Teacher,6.8,6,45,7,Overweight,130/85,78,5000,Sleep Apnea
186,Female,42,Teacher,6.8,6,45,7,Overweight,130/85,78,5000,Sleep Apnea
187,Female,43,Teacher,6.7,7,45,4,Overweight,135/90,65,6000,Insomnia
188,Male,43,Salesperson,6.3,6,45,7,Overweight,130/85,72,6000,Insomnia
189,Female,43,Teacher,6.7,7,45,4,Overweight,135/90,65,6000,Insomnia
190,Male,43,Salesperson,6.5,6,45,7,Overweight,130/85,72,6000,Insomnia
191,Female,43,Teacher,6.7,7,45,4,Overweight,135/90,65,6000,Insomnia
192,Male,43,Salesperson,6.4,6,45,7,Overweight,130/85,72,6000,Insomnia
193,Male,43,Salesperson,6.5,6,45,7,Overweight,130/85,72,6000,Insomnia
194,Male,43,Salesperson,6.5,6,45,7,Overweight,130/85,72,6000,Insomnia
195,Male,43,Salesperson,6.5,6,45,7,Overweight,130/85,72,6000,Insomnia
196,Male,43,Salesperson,6.5,6,45,7,Overweight,130/85,72,6000,Insomnia
197,Male,43,Salesperson,6.5,6,45,7,Overweight,130/85,72,6000,Insomnia
198,Male,43,Salesperson,6.5,6,45,7,Overweight,130/85,72,6000,Insomnia
199,Male,43,Salesperson,6.5,6,45,7,Overweight,130/85,72,6000,Insomnia
200,Male,43,Salesperson,6.5,6,45,7,Overweight,130/85,72,6000,Insomnia
201,Male,43,Salesperson,6.5,6,45,7,Overweight,130/85,72,6000,Insomnia
202,Male,43,Engineer,7.8,8,90,5,Normal,130/85,70,8000,Insomnia
203,Male,43,Engineer,7.8,8,90,5,Normal,130/85,70,8000,Insomnia
204,Male,43,Engineer,6.9,6,47,7,Normal Weight,117/76,69,6800,NO
205,Male,43,Engineer,7.6,8,75,4,Overweight,122/80,68,6800,NO
206,Male,43,Engineer,7.7,8,90,5,Normal,130/85,70,8000,NO
207,Male,43,Engineer,7.7,8,90,5,Normal,130/85,70,8000,NO
208,Male,43,Engineer,7.7,8,90,5,Normal,130/85,70,8000,NO
209,Male,43,Engineer,7.7,8,90,5,Normal,130/85,70,8000,NO
210,Male,43,Engineer,7.8,8,90,5,Normal,130/85,70,8000,NO
211,Male,43,Engineer,7.7,8,90,5,Normal,130/85,70,8000,NO
212,Male,43,Engineer,7.8,8,90,5,Normal,130/85,70,8000,NO
213,Male,43,Engineer,7.8,8,90,5,Normal,130/85,70,8000,NO
214,Male,43,Engineer,7.8,8,90,5,Normal,130/85,70,8000,NO
215,Male,43,Engineer,7.8,8,90,5,Normal,130/85,70,8000,NO
216,Male,43,Engineer,7.8,8,90,5,Normal,130/85,70,8000,NO
217,Male,43,Engineer,7.8,8,90,5,Normal,130/85,70,8000,NO
218,Male,43,Engineer,7.8,8,90,5,Normal,130/85,70,8000,NO
219,Male,43,Engineer,7.8,8,90,5,Normal,130/85,70,8000,Sleep Apnea
220,Male,43,Salesperson,6.5,6,45,7,Overweight,130/85,72,6000,Sleep Apnea
221,Female,44,Teacher,6.6,7,45,4,Overweight,135/90,65,6000,Insomnia
222,Male,44,Salesperson,6.4,6,45,7,Overweight,130/85,72,6000,Insomnia
223,Male,44,Salesperson,6.3,6,45,7,Overweight,130/85,72,6000,Insomnia
224,Male,44,Salesperson,6.4,6,45,7,Overweight,130/85,72,6000,Insomnia
225,Female,44,Teacher,6.6,7,45,4,Overweight,135/90,65,6000,Insomnia
226,Male,44,Salesperson,6.3,6,45,7,Overweight,130/85,72,6000,Insomnia
227,Female,44,Teacher,6.6,7,45,4,Overweight,135/90,65,6000,Insomnia
228,Male,44,Salesperson,6.3,6,45,7,Overweight,130/85,72,6000,Insomnia
229,Female,44,Teacher,6.6,7,45,4,Overweight,135/90,65,6000,Insomnia
230,Male,44,Salesperson,6.3,6,45,7,Overweight,130/85,72,6000,Insomnia
231,Female,44,Teacher,6.6,7,45,4,Overweight,135/90,65,6000,Insomnia
232,Male,44,Salesperson,6.3,6,45,7,Overweight,130/85,72,6000,Insomnia
233,Female,44,Teacher,6.6,7,45,4,Overweight,135/90,65,6000,Insomnia
234,Male,44,Salesperson,6.3,6,45,7,Overweight,130/85,72,6000,Insomnia
235,Female,44,Teacher,6.6,7,45,4,Overweight,135/90,65,6000,Insomnia
236,Male,44,Salesperson,6.3,6,45,7,Overweight,130/85,72,6000,Insomnia
237,Male,44,Salesperson,6.4,6,45,7,Overweight,130/85,72,6000,Insomnia
238,Female,44,Teacher,6.5,7,45,4,Overweight,135/90,65,6000,Insomnia
239,Male,44,Salesperson,6.3,6,45,7,Overweight,130/85,72,6000,Insomnia
240,Male,44,Salesperson,6.4,6,45,7,Overweight,130/85,72,6000,Insomnia
241,Female,44,Teacher,6.5,7,45,4,Overweight,135/90,65,6000,Insomnia
242,Male,44,Salesperson,6.3,6,45,7,Overweight,130/85,72,6000,Insomnia
243,Male,44,Salesperson,6.4,6,45,7,Overweight,130/85,72,6000,Insomnia
244,Female,44,Teacher,6.5,7,45,4,Overweight,135/90,65,6000,Insomnia
245,Male,44,Salesperson,6.3,6,45,7,Overweight,130/85,72,6000,Insomnia
246,Female,44,Teacher,6.5,7,45,4,Overweight,135/90,65,6000,Insomnia
247,Male,44,Salesperson,6.3,6,45,7,Overweight,130/85,72,6000,Insomnia
248,Male,44,Engineer,6.8,7,45,7,Overweight,130/85,78,5000,Insomnia
249,Male,44,Salesperson,6.4,6,45,7,Overweight,130/85,72,6000,NO
250,Male,44,Salesperson,6.5,6,45,7,Overweight,130/85,72,6000,NO
251,Female,45,Teacher,6.8,7,30,6,Overweight,135/90,65,6000,Insomnia
252,Female,45,Teacher,6.8,7,30,6,Overweight,135/90,65,6000,Insomnia
253,Female,45,Teacher,6.5,7,45,4,Overweight,135/90,65,6000,Insomnia
254,Female,45,Teacher,6.5,7,45,4,Overweight,135/90,65,6000,Insomnia
255,Female,45,Teacher,6.5,7,45,4,Overweight,135/90,65,6000,Insomnia
256,Female,45,Teacher,6.5,7,45,4,Overweight,135/90,65,6000,Insomnia
257,Female,45,Teacher,6.6,7,45,4,Overweight,135/90,65,6000,Insomnia
258,Female,45,Teacher,6.6,7,45,4,Overweight,135/90,65,6000,Insomnia
259,Female,45,Teacher,6.6,7,45,4,Overweight,135/90,65,6000,Insomnia
260,Female,45,Teacher,6.6,7,45,4,Overweight,135/90,65,6000,Insomnia
261,Female,45,Teacher,6.6,7,45,4,Overweight,135/90,65,6000,Insomnia
262,Female,45,Teacher,6.6,7,45,4,Overweight,135/90,65,6000,NO
263,Female,45,Teacher,6.6,7,45,4,Overweight,135/90,65,6000,NO
264,Female,45,Manager,6.9,7,55,5,Overweight,125/82,75,5500,NO
265,Male,48,Doctor,7.3,7,65,5,Obese,142/92,83,3500,Insomnia
266,Female,48,Nurse,5.9,6,90,8,Overweight,140/95,75,10000,Sleep Apnea
267,Male,48,Doctor,7.3,7,65,5,Obese,142/92,83,3500,Insomnia
268,Female,49,Nurse,6.2,6,90,8,Overweight,140/95,75,10000,NO
269,Female,49,Nurse,6.0,6,90,8,Overweight,140/95,75,10000,Sleep Apnea
270,Female,49,Nurse,6.1,6,90,8,Overweight,140/95,75,10000,Sleep Apnea
271,Female,49,Nurse,6.1,6,90,8,Overweight,140/95,75,10000,Sleep Apnea
272,Female,49,Nurse,6.1,6,90,8,Overweight,140/95,75,10000,Sleep Apnea
273,Female,49,Nurse,6.1,6,90,8,Overweight,140/95,75,10000,Sleep Apnea
274,Female,49,Nurse,6.2,6,90,8,Overweight,140/95,75,10000,Sleep Apnea
275,Female,49,Nurse,6.2,6,90,8,Overweight,140/95,75,10000,Sleep Apnea
276,Female,49,Nurse,6.2,6,90,8,Overweight,140/95,75,10000,Sleep Apnea
277,Male,49,Doctor,8.1,9,85,3,Obese,139/91,86,3700,Sleep Apnea
278,Male,49,Doctor,8.1,9,85,3,Obese,139/91,86,3700,Sleep Apnea
279,Female,50,Nurse,6.1,6,90,8,Overweight,140/95,75,10000,Insomnia
280,Female,50,Engineer,8.3,9,30,3,Normal,125/80,65,5000,NO
281,Female,50,Nurse,6.0,6,90,8,Overweight,140/95,75,10000,NO
282,Female,50,Nurse,6.1,6,90,8,Overweight,140/95,75,10000,Sleep Apnea
283,Female,50,Nurse,6.0,6,90,8,Overweight,140/95,75,10000,Sleep Apnea
284,Female,50,Nurse,6.0,6,90,8,Overweight,140/95,75,10000,Sleep Apnea
285,Female,50,Nurse,6.0,6,90,8,Overweight,140/95,75,10000,Sleep Apnea
286,Female,50,Nurse,6.0,6,90,8,Overweight,140/95,75,10000,Sleep Apnea
287,Female,50,Nurse,6.0,6,90,8,Overweight,140/95,75,10000,Sleep Apnea
288,Female,50,Nurse,6.0,6,90,8,Overweight,140/95,75,10000,Sleep Apnea
289,Female,50,Nurse,6.0,6,90,8,Overweight,140/95,75,10000,Sleep Apnea
290,Female,50,Nurse,6.1,6,90,8,Overweight,140/95,75,10000,Sleep Apnea
291,Female,50,Nurse,6.0,6,90,8,Overweight,140/95,75,10000,Sleep Apnea
292,Female,50,Nurse,6.1,6,90,8,Overweight,140/95,75,10000,Sleep Apnea
293,Female,50,Nurse,6.1,6,90,8,Overweight,140/95,75,10000,Sleep Apnea
294,Female,50,Nurse,6.0,6,90,8,Overweight,140/95,75,10000,Sleep Apnea
295,Female,50,Nurse,6.1,6,90,8,Overweight,140/95,75,10000,Sleep Apnea
296,Female,50,Nurse,6.0,6,90,8,Overweight,140/95,75,10000,Sleep Apnea
297,Female,50,Nurse,6.1,6,90,8,Overweight,140/95,75,10000,Sleep Apnea
298,Female,50,Nurse,6.1,6,90,8,Overweight,140/95,75,10000,Sleep Apnea
299,Female,51,Engineer,8.5,9,30,3,Normal,125/80,65,5000,NO
300,Female,51,Engineer,8.5,9,30,3,Normal,125/80,65,5000,NO
301,Female,51,Engineer,8.5,9,30,3,Normal,125/80,65,5000,NO
302,Female,51,Engineer,8.5,9,30,3,Normal,125/80,65,5000,NO
303,Female,51,Nurse,7.1,7,55,6,Normal Weight,125/82,72,6000,NO
304,Female,51,Nurse,6.0,6,90,8,Overweight,140/95,75,10000,Sleep Apnea
305,Female,51,Nurse,6.1,6,90,8,Overweight,140/95,75,10000,Sleep Apnea
306,Female,51,Nurse,6.1,6,90,8,Overweight,140/95,75,10000,Sleep Apnea
307,Female,52,Accountant,6.5,7,45,7,Overweight,130/85,72,6000,Insomnia
308,Female,52,Accountant,6.5,7,45,7,Overweight,130/85,72,6000,Insomnia
309,Female,52,Accountant,6.6,7,45,7,Overweight,130/85,72,6000,Insomnia
310,Female,52,Accountant,6.6,7,45,7,Overweight,130/85,72,6000,Insomnia
311,Female,52,Accountant,6.6,7,45,7,Overweight,130/85,72,6000,Insomnia
312,Female,52,Accountant,6.6,7,45,7,Overweight,130/85,72,6000,Insomnia
313,Female,52,Engineer,8.4,9,30,3,Normal,125/80,65,5000,NO
314,Female,52,Engineer,8.4,9,30,3,Normal,125/80,65,5000,NO
315,Female,52,Engineer,8.4,9,30,3,Normal,125/80,65,5000,NO
316,Female,53,Engineer,8.3,9,30,3,Normal,125/80,65,5000,Insomnia
317,Female,53,Engineer,8.5,9,30,3,Normal,125/80,65,5000,NO
318,Female,53,Engineer,8.5,9,30,3,Normal,125/80,65,5000,NO
319,Female,53,Engineer,8.4,9,30,3,Normal,125/80,65,5000,NO
320,Female,53,Engineer,8.4,9,30,3,Normal,125/80,65,5000,NO
321,Female,53,Engineer,8.5,9,30,3,Normal,125/80,65,5000,NO
322,Female,53,Engineer,8.4,9,30,3,Normal,125/80,65,5000,NO
323,Female,53,Engineer,8.4,9,30,3,Normal,125/80,65,5000,NO
324,Female,53,Engineer,8.5,9,30,3,Normal,125/80,65,5000,NO
325,Female,53,Engineer,8.3,9,30,3,Normal,125/80,65,5000,NO
326,Female,53,Engineer,8.5,9,30,3,Normal,125/80,65,5000,NO
327,Female,53,Engineer,8.3,9,30,3,Normal,125/80,65,5000,NO
328,Female,53,Engineer,8.5,9,30,3,Normal,125/80,65,5000,NO
329,Female,53,Engineer,8.3,9,30,3,Normal,125/80,65,5000,NO
330,Female,53,Engineer,8.5,9,30,3,Normal,125/80,65,5000,NO
331,Female,53,Engineer,8.5,9,30,3,Normal,125/80,65,5000,NO
332,Female,53,Engineer,8.4,9,30,3,Normal,125/80,65,5000,NO
333,Female,54,Engineer,8.4,9,30,3,Normal,125/80,65,5000,NO
334,Female,54,Engineer,8.4,9,30,3,Normal,125/80,65,5000,NO
335,Female,54,Engineer,8.4,9,30,3,Normal,125/80,65,5000,NO
336,Female,54,Engineer,8.4,9,30,3,Normal,125/80,65,5000,NO
337,Female,54,Engineer,8.4,9,30,3,Normal,125/80,65,5000,NO
338,Female,54,Engineer,8.4,9,30,3,Normal,125/80,65,5000,NO
339,Female,54,Engineer,8.5,9,30,3,Normal,125/80,65,5000,NO
340,Female,55,Nurse,8.1,9,75,4,Overweight,140/95,72,5000,Sleep Apnea
341,Female,55,Nurse,8.1,9,75,4,Overweight,140/95,72,5000,Sleep Apnea
342,Female,56,Doctor,8.2,9,90,3,Normal Weight,118/75,65,10000,NO
343,Female,56,Doctor,8.2,9,90,3,Normal Weight,118/75,65,10000,NO
344,Female,57,Nurse,8.1,9,75,3,Overweight,140/95,68,7000,NO
345,Female,57,Nurse,8.2,9,75,3,Overweight,140/95,68,7000,Sleep Apnea
346,Female,57,Nurse,8.2,9,75,3,Overweight,140/95,68,7000,Sleep Apnea
347,Female,57,Nurse,8.2,9,75,3,Overweight,140/95,68,7000,Sleep Apnea
348,Female,57,Nurse,8.2,9,75,3,Overweight,140/95,68,7000,Sleep Apnea
349,Female,57,Nurse,8.2,9,75,3,Overweight,140/95,68,7000,Sleep Apnea
350,Female,57,Nurse,8.1,9,75,3,Overweight,140/95,68,7000,Sleep Apnea
351,Female,57,Nurse,8.1,9,75,3,Overweight,140/95,68,7000,Sleep Apnea
352,Female,57,Nurse,8.1,9,75,3,Overweight,140/95,68,7000,Sleep Apnea
353,Female,58,Nurse,8.0,9,75,3,Overweight,140/95,68,7000,Sleep Apnea
354,Female,58,Nurse,8.0,9,75,3,Overweight,140/95,68,7000,Sleep Apnea
355,Female,58,Nurse,8.0,9,75,3,Overweight,140/95,68,7000,Sleep Apnea
356,Female,58,Nurse,8.0,9,75,3,Overweight,140/95,68,7000,Sleep Apnea
357,Female,58,Nurse,8.0,9,75,3,Overweight,140/95,68,7000,Sleep Apnea
358,Female,58,Nurse,8.0,9,75,3,Overweight,140/95,68,7000,Sleep Apnea
359,Female,59,Nurse,8.0,9,75,3,Overweight,140/95,68,7000,NO
360,Female,59,Nurse,8.1,9,75,3,Overweight,140/95,68,7000,NO
361,Female,59,Nurse,8.2,9,75,3,Overweight,140/95,68,7000,Sleep Apnea
362,Female,59,Nurse,8.2,9,75,3,Overweight,140/95,68,7000,Sleep Apnea
363,Female,59,Nurse,8.2,9,75,3,Overweight,140/95,68,7000,Sleep Apnea
364,Female,59,Nurse,8.2,9,75,3,Overweight,140/95,68,7000,Sleep Apnea
365,Female,59,Nurse,8.0,9,75,3,Overweight,140/95,68,7000,Sleep Apnea
366,Female,59,Nurse,8.0,9,75,3,Overweight,140/95,68,7000,Sleep Apnea
367,Female,59,Nurse,8.1,9,75,3,Overweight,140/95,68,7000,Sleep Apnea
368,Female,59,Nurse,8.0,9,75,3,Overweight,140/95,68,7000,Sleep Apnea
369,Female,59,Nurse,8.1,9,75,3,Overweight,140/95,68,7000,Sleep Apnea
370,Female,59,Nurse,8.1,9,75,3,Overweight,140/95,68,7000,Sleep Apnea
371,Female,59,Nurse,8.0,9,75,3,Overweight,140/95,68,7000,Sleep Apnea
372,Female,59,Nurse,8.1,9,75,3,Overweight,140/95,68,7000,Sleep Apnea
373,Female,59,Nurse,8.1,9,75,3,Overweight,140/95,68,7000,Sleep Apnea
374,Female,59,Nurse,8.1,9,75,3,Overweight,140/95,68,7000,Sleep Apnea
